test #1;3y = distance for corners is 3 times higher in y;;;;;
filename;left outer error; left center error; left inner error; right inner error;right center error; right outer error
001_01.png;7.2111;2.82843;1;5.09902;1.41421;7.81025
001_02.png;5.83095;0;8.24621;3.60555;1;8.544
001_03.png;4.12311;1.41421;9;4.47214;2;7.28011
001_04.png;5;2.23607;8.24621;5.09902;4.12311;9.48683
001_05.png;5.65685;1.41421;8.06226;3.60555;2.23607;6.32456
001_06.png;3.60555;1.41421;2.82843;4.47214;2.82843;9.48683
001_07.png;6.40312;2.23607;2;2.82843;3.16228;9.48683
001_08.png;5;1.41421;1;2.82843;2;4.12311
001_09.png;5.65685;1;1.41421;3.60555;2;4.12311
001_10.png;7.2111;3.16228;4.24264;3.16228;1;5.09902
001_11.png;0;3.16228;1;0;2.82843;5.38516
001_12.png;1.41421;3;4.12311;3.16228;2.23607;7.07107
002_01.png;3.16228;2.23607;3;1;0;5
002_02.png;4.12311;2.23607;3.16228;2.82843;3;5
002_03.png;2.23607;3.16228;11.0454;1.41421;6.08276;1
002_04.png;2.23607;3.16228;1;3.16228;2.23607;2
002_05.png;2.23607;3.16228;6.32456;2.82843;1;4.47214
002_06.png;2.23607;3.16228;1.41421;0;2;4.47214
002_07.png;1.41421;4;1.41421;1.41421;1.41421;4.47214
002_08.png;2.82843;2;3;1;2.23607;5
002_09.png;2.82843;2.23607;3.16228;0;1;3.60555
002_10.png;4.47214;3.16228;3.16228;17.4642;1.41421;1
002_11.png;1;2.23607;2.23607;0;1;1
002_12.png;2;3;1;1;1;5.83095
003_01.png;1;0;2.23607;1;4.12311;1
003_02.png;1;0;2.23607;1;2;12.2066
003_03.png;1;1.41421;2.23607;1.41421;3.16228;2
003_04.png;1;3.16228;2;1;4.12311;1
003_05.png;4.47214;4.12311;1;1;2.23607;12.8062
003_06.png;4.24264;4;2.23607;1.41421;3.16228;2
003_07.png;4.47214;3.16228;2;1;3.16228;2
003_08.png;1;3.60555;2.23607;1.41421;3.16228;1
003_09.png;3.60555;1;2;1;4;1
003_10.png;3.16228;2.23607;2;0;1;1.41421
003_11.png;3.16228;2.23607;2.23607;1;4.12311;1.41421
003_12.png;1;3.16228;2;1.41421;4.12311;2.23607
004_01.png;1.41421;1;2.23607;1;2;10
004_02.png;5;1;7.07107;7.07107;2;9.43398
004_03.png;2.23607;1.41421;4.47214;1;1;9.43398
004_04.png;2.23607;1;5.38516;12.2066;3;7.2111
004_05.png;1.41421;2;3;13.8924;2;6.40312
004_06.png;2.23607;1;6;4.47214;1;10
004_07.png;1;3.60555;5;1;3;2.82843
004_08.png;4.24264;2.23607;4.47214;2;1.41421;7.2111
004_09.png;5.09902;1.41421;4.24264;1.41421;1;3.60555
004_10.png;2;1.41421;4.24264;0;3.16228;2.82843
004_11.png;4.24264;2;4.47214;2;4.24264;8.60233
004_12.png;2;2;2.23607;2;3;3.60555
005_01.png;2.23607;2.23607;5.83095;2.23607;1;8.24621
005_02.png;1.41421;2.23607;5;7;0;4.47214
005_03.png;2.82843;1.41421;2;5.83095;2.23607;5.38516
005_04.png;1.41421;2.23607;5.38516;12.53;2;4.12311
005_05.png;2.23607;2;6;1;2.23607;4.47214
005_06.png;2.23607;2.82843;1;0;1;5.38516
005_07.png;3.60555;3.60555;1.41421;1;4.12311;6.32456
005_08.png;2.82843;2.23607;2.23607;2.23607;1.41421;5.38516
005_09.png;2.23607;1;1.41421;2;2.23607;6.32456
005_10.png;5;1;7.61577;1;2.23607;2
005_11.png;4;2;2.82843;2.23607;2.23607;5
005_12.png;1.41421;2.82843;1.41421;0;3.16228;4.12311
006_01.png;3.16228;2.23607;1;52.1536;57.0088;53
006_02.png;3.60555;2;1;52.0865;54;51.3517
006_03.png;2;1.41421;7.61577;1.41421;3;4.12311
006_04.png;3;3;2;4;3;3.16228
006_05.png;6.32456;4;7.07107;1;3;3.16228
006_06.png;3.16228;3.16228;8.544;1.41421;3;5.38516
006_07.png;2;4.12311;2.23607;1.41421;4;5
006_08.png;2.23607;4.12311;1.41421;2.23607;1;4.47214
006_09.png;1.41421;1.41421;9.21954;1.41421;1.41421;2.82843
006_10.png;16.9706;20.8806;16.1245;1.41421;2;1
006_11.png;;;;;;
006_12.png;;;;;;
007_01.png;7.28011;2.23607;2;1;2.23607;8.94427
007_02.png;1.41421;2.23607;3;5.38516;1;8.544
007_03.png;1;1;2.23607;4.12311;1.41421;8.544
007_04.png;1;3.16228;5;1.41421;3;7.28011
007_05.png;1;4.12311;5.38516;1;2.23607;8.544
007_06.png;5.38516;4.12311;3.60555;1;2.23607;8.544
007_07.png;6.32456;2.23607;4.24264;1.41421;3.16228;3.16228
007_08.png;1;2.23607;2;1.41421;2.23607;7.2111
007_09.png;5.38516;1;3.16228;3;1;8.94427
007_10.png;5.38516;1;5.65685;6.32456;1.41421;2
007_11.png;3.16228;4;5;0;3;9.43398
007_12.png;4.12311;2.23607;5.83095;1;1.41421;4.12311
008_01.png;2.82843;1.41421;1;5;5;3.60555
008_02.png;1;3.16228;2;2.23607;2.82843;2.23607
008_03.png;1;6.08276;3;2.23607;3.60555;3.60555
008_04.png;1.41421;4.47214;2.23607;1;5;2.23607
008_05.png;0;2;5.38516;1;2.23607;3.16228
008_06.png;1.41421;4;5.38516;1;3.60555;4.47214
008_07.png;2;6.7082;1;1;5;2.23607
008_08.png;2.23607;3.16228;2;6.08276;5.38516;2.82843
008_09.png;3.16228;4.12311;2.23607;6.08276;3.60555;2
008_10.png;2.82843;1;2.23607;5.09902;4.47214;0
008_11.png;3.16228;5.09902;1.41421;5;4.12311;1
008_12.png;1.41421;4.12311;1.41421;1;3;1.41421
009_01.png;2;2;2.23607;6.08276;3;5
009_02.png;6.08276;1;6;1.41421;2;7.2111
009_03.png;2;3.16228;6.08276;6.40312;4;4.12311
009_04.png;2;0;2.23607;0;2.23607;3.16228
009_05.png;1;3.16228;1;0;3;4.47214
009_06.png;1.41421;3.16228;1;1.41421;2;1.41421
009_07.png;1;3.60555;3;1;3;2
009_08.png;6.40312;2.23607;2;1;3.16228;2
009_09.png;5;2.23607;5.09902;8;1;7.2111
009_10.png;5.65685;3.16228;2.23607;4.47214;3.16228;2
009_11.png;1;3.16228;5.09902;6.7082;4.12311;2.23607
009_12.png;1;2.23607;4.12311;6.08276;4;6.7082
010_01.png;1.41421;1;3.16228;9.84886;1;3
010_02.png;1.41421;5.09902;1;1;2.23607;3
010_03.png;4.12311;3.16228;4.12311;0;2;1
010_04.png;1;2.82843;3.16228;1;5.09902;2
010_05.png;1.41421;3;4.12311;0;2.82843;2.23607
010_06.png;6.08276;3.16228;4.12311;1;2.23607;3
010_07.png;1.41421;2.23607;2;0;2.23607;4
010_08.png;5.09902;2.23607;1.41421;1;3.16228;4.12311
010_09.png;5.09902;2.82843;1;1;3.16228;4.12311
010_10.png;2.23607;1.41421;2;1;2.23607;2
010_11.png;1;2.23607;1;1;2;3
010_12.png;3;1.41421;1;0;2.82843;3
011_01.png;6.7082;1;1.41421;1;1.41421;6.08276
011_02.png;4.12311;2.23607;2.23607;1.41421;3;5
011_03.png;3.16228;1.41421;5.38516;2;1;5
011_04.png;3.16228;2.23607;5.38516;1;2.23607;5
011_05.png;0;3;4.47214;2;2;5
011_06.png;0;3.16228;5.38516;1;2.23607;6.40312
011_07.png;3.60555;2.23607;4.47214;0;3;5
011_08.png;1;1;2.23607;1.41421;2;6.40312
011_09.png;5.38516;1.41421;4.47214;1;1;5.65685
011_10.png;5.09902;3;3;0;1.41421;1
011_11.png;1;4.12311;2.23607;1;1;7.07107
011_12.png;4.24264;4.47214;3.16228;2;1;5.65685
012_01.png;1;1;1;0;3.16228;3
012_02.png;3;2.23607;2.23607;1;2;3.16228
012_03.png;4;2.23607;6.40312;1.41421;2;4.47214
012_04.png;3;2;6.08276;0;2.23607;1
012_05.png;2.23607;3.16228;8;1;2;4.47214
012_06.png;1.41421;1;7;1;2.23607;4.47214
012_07.png;6;3.60555;2;1.41421;1.41421;6.08276
012_08.png;1;2;2.23607;1;2.23607;3
012_09.png;6.08276;2.23607;5;1;2.23607;2.23607
012_10.png;2.23607;3;2.23607;0;2;3.16228
012_11.png;2.82843;2;1.41421;0;2.23607;1
012_12.png;3;2.23607;2.23607;0;3;2.23607
013_01.png;0;3.16228;11.6619;1.41421;1.41421;4.12311
013_02.png;1;4.47214;11.6619;1;2;2.23607
013_03.png;0;4.47214;11.6619;11.4018;2.23607;3.16228
013_04.png;1;4.47214;12.083;0;2.23607;2.23607
013_05.png;1.41421;3.60555;10.8167;0;2.23607;3.16228
013_06.png;2.23607;3.60555;11.6619;1;2.23607;2.23607
013_07.png;2;4.47214;1;0;3;2
013_08.png;2;4.47214;7.28011;3.16228;4.12311;4.12311
013_09.png;0;3.60555;10.8167;5;2;4.12311
013_10.png;2;3.16228;10.8167;1;2;4.12311
013_11.png;1;4;1.41421;0;0;4.12311
013_12.png;2.23607;5;8.60233;0;2.23607;4.12311
014_01.png;1.41421;2.23607;10.198;6.08276;3;0
014_02.png;2.23607;2.82843;2.82843;1;2.23607;1.41421
014_03.png;2;3.60555;2.23607;1.41421;2.82843;5
014_04.png;1.41421;2.82843;2.23607;1.41421;3.60555;5
014_05.png;1;5.83095;3.16228;1;2.82843;5.83095
014_06.png;3.16228;2.82843;2.23607;1;2;1.41421
014_07.png;1;2.23607;4.24264;1.41421;5.09902;2.23607
014_08.png;3.60555;4.12311;1.41421;1.41421;5;1.41421
014_09.png;2.23607;3.16228;6.08276;1;4.47214;1
014_10.png;4.12311;3.16228;0;1.41421;4;0
014_11.png;2;5;2;1;2;1
014_12.png;5.38516;6.08276;3.16228;1;4;1
015_01.png;4.12311;2;8.544;2.23607;2;5
015_02.png;5.09902;2;5.83095;2.23607;2.23607;4.47214
015_03.png;4.12311;3.16228;8.544;3.16228;2.23607;3.60555
015_04.png;5.09902;1;8.544;1;1;5
015_05.png;5.83095;3.16228;9.8995;11.1803;2.23607;5.09902
015_06.png;3.16228;5;7.61577;2.23607;1;4.24264
015_07.png;4.47214;4.12311;9.43398;1;3.16228;5.83095
015_08.png;5.38516;5.83095;8.24621;10.198;1.41421;3.60555
015_09.png;4.47214;1;15.2643;9.84886;2.82843;3.60555
015_10.png;17.8885;3.16228;3.16228;8.544;1;1
015_11.png;67;79.6304;72.5603;9.43398;2.23607;5.65685
015_12.png;5;5.38516;4.12311;1.41421;2.82843;5.65685
016_01.png;4.24264;2.23607;2;0;2.23607;5.09902
016_02.png;1;1.41421;3.16228;1;2;4
016_03.png;1;3.16228;3.60555;1;1.41421;4
016_04.png;1.41421;2;9.21954;1.41421;2.23607;3.16228
016_05.png;1;1;9.21954;1;2;7
016_06.png;1.41421;2;5;1;2;5.09902
016_07.png;2.23607;1.41421;6;1.41421;2;4.12311
016_08.png;1.41421;1;2.23607;1.41421;3;5.38516
016_09.png;1;1;2.23607;0;2;5.38516
016_10.png;4.24264;3.16228;2;0;0;4.47214
016_11.png;1;3.16228;1;0;2;6.32456
016_12.png;1.41421;2.23607;1;0;1;5.38516
017_01.png;1;0;3.16228;1;5.09902;3.60555
017_02.png;2.82843;1;3;1;1;3.16228
017_03.png;7.61577;2;3.16228;1.41421;3.60555;5.38516
017_04.png;8.544;4.12311;2;1;2;4.47214
017_05.png;9.21954;5.09902;5.09902;12.083;2.23607;4.47214
017_06.png;8;5;5.65685;6.08276;2.23607;4.47214
017_07.png;8.24621;0;5.09902;4.12311;3.60555;4.12311
017_08.png;2.82843;1.41421;3;0;3.16228;2.23607
017_09.png;4.12311;0;3.16228;2;1.41421;2
017_10.png;3.60555;1;4.24264;1;1;5.09902
017_11.png;2.82843;1.41421;3.60555;2.82843;0;5.09902
017_12.png;3.60555;3.60555;3.60555;1;3.16228;3
018_01.png;2.23607;4.47214;5.65685;4.47214;5.65685;5.09902
018_02.png;2.23607;4.47214;1.41421;1.41421;3.60555;3
018_03.png;3;3.16228;5;6.40312;3.60555;4.12311
018_04.png;2.23607;5;5;7.81025;7.07107;4.12311
018_05.png;5;5.65685;5.65685;1;5;3
018_06.png;3;5.09902;5.65685;7.07107;5.38516;3
018_07.png;3.16228;5.09902;5.65685;0;5.65685;3
018_08.png;3.60555;4;2;5;1;3
018_09.png;5.38516;5.38516;5;1;2.23607;4.12311
018_10.png;3;5;5.09902;1.41421;1;5.09902
018_11.png;7;4.12311;2;5.38516;0;6.08276
018_12.png;7;4;7.28011;5.09902;1;1
019_01.png;7.2111;2;2.23607;1;1;0
019_02.png;5.09902;1;2.23607;1;1.41421;1.41421
019_03.png;3.60555;1.41421;2.23607;1.41421;1;0
019_04.png;6.40312;3.16228;2.23607;1;3.16228;1.41421
019_05.png;5.38516;1.41421;2;1.41421;2;2.23607
019_06.png;1.41421;4;3.16228;1;2;1.41421
019_07.png;4.47214;2.23607;3;1;1.41421;2.23607
019_08.png;2.23607;0;2.23607;1.41421;1;5
019_09.png;6.40312;1.41421;1;1.41421;2;2
019_10.png;2.23607;1.41421;2.23607;1;1;2.23607
019_11.png;1.41421;3.60555;1;1.41421;2;2.23607
019_12.png;1;5;1;1;1;1
020_01.png;;;;;;
020_02.png;0;1.41421;2;0;0;4
020_03.png;;;;;;
020_04.png;;;;;;
020_05.png;;;;;;
020_06.png;;;;;;
020_07.png;;;;;;
020_08.png;;;;;;
020_09.png;1;2.23607;2.23607;1;1.41421;2.23607
020_10.png;;;;;;
020_11.png;4.47214;1;2;0;1;3.16228
020_12.png;0;2.23607;2;0;2.23607;1
021_01.png;0;1.41421;4;1;1.41421;2.23607
021_02.png;5.09902;0;2;6.08276;2.23607;1
021_03.png;1.41421;1;3.60555;1;2.23607;2
021_04.png;1.41421;2;4;1.41421;2.23607;2
021_05.png;2.23607;4;4.12311;8.94427;2.23607;1
021_06.png;9.21954;1.41421;7.61577;0;3.16228;2.23607
021_07.png;1.41421;0;4.12311;1;2;1.41421
021_08.png;0;1;2;1;2.23607;1
021_09.png;6.32456;1;5;1.41421;1.41421;1
021_10.png;6.32456;1;5;1.41421;2.23607;0
021_11.png;1.41421;1.41421;2;3.60555;2.82843;1
021_12.png;5.83095;4.12311;5.83095;2.23607;1.41421;1
022_01.png;3.60555;2.23607;1.41421;1;1;4.12311
022_02.png;3.16228;3.16228;2.23607;6.32456;2;3.16228
022_03.png;4.12311;3.16228;1;0;1.41421;4.12311
022_04.png;4;1.41421;0;0;1;4.47214
022_05.png;5;1.41421;4.24264;0;1;2.23607
022_06.png;53.4603;77.1038;58;1;1;3.16228
022_07.png;4.24264;3.16228;4.47214;0;2.23607;4.12311
022_08.png;3;3.16228;2;1;1;4.47214
022_09.png;3;4;2;1;1.41421;4
022_10.png;5.65685;4.12311;2.23607;1;2;3
022_11.png;2.23607;4.12311;1;1;1.41421;3
022_12.png;3.16228;4;4.47214;1;0;3
023_01.png;6.08276;4;2.23607;2;3.60555;6.7082
023_02.png;9.21954;3.60555;8.48528;1;2.23607;6.32456
023_03.png;8.06226;2.82843;2.82843;1.41421;5.09902;6.32456
023_04.png;1;4.12311;1.41421;2;4.47214;5.09902
023_05.png;1;4;7.07107;2.23607;5;1
023_06.png;;;;;;
023_07.png;1;4.12311;3.16228;2.23607;4.12311;5.83095
023_08.png;4.47214;7.07107;2;1.41421;6.08276;5.83095
023_09.png;6;5.83095;9.48683;2.23607;2.82843;4.47214
023_10.png;6.32456;3.60555;2.23607;1.41421;2.23607;0
023_11.png;2.23607;5;2.23607;1;5.09902;0
023_12.png;6.08276;5.09902;3.16228;1.41421;3;1
024_01.png;4.47214;2;1;1;1;1.41421
024_02.png;1;1;1;4.12311;1.41421;4.47214
024_03.png;1;1;1;3.16228;1.41421;3.16228
024_04.png;10.2956;2.23607;5.65685;3.60555;5.38516;2.82843
024_05.png;8.94427;3.16228;7.81025;1;4.47214;2.82843
024_06.png;1.41421;4.12311;1;1;2;3.60555
024_07.png;1.41421;2.23607;2.82843;3.16228;2;2.23607
024_08.png;7.81025;1;1;0;1;2.23607
024_09.png;6.40312;1;1;3.60555;1;3.16228
024_10.png;2.23607;0;1.41421;4.47214;1.41421;3.60555
024_11.png;2.82843;1.41421;1;2.82843;1.41421;3.60555
024_12.png;2.82843;1;2;3.16228;3;2.23607
025_01.png;9.8995;0;6.7082;0;2;3.60555
025_02.png;1.41421;1.41421;2;0;2.23607;4
025_03.png;1.41421;2;2.23607;1;3.60555;2.23607
025_04.png;2;3.60555;5;6.7082;2.82843;1
025_05.png;1;1.41421;7.07107;1;3.16228;14.1421
025_06.png;3.16228;3.16228;6.40312;1.41421;4.12311;14.0357
025_07.png;2.82843;4.12311;5.65685;0;4.12311;15
025_08.png;2.23607;1.41421;1;1;3.16228;3.60555
025_09.png;4.47214;1;2.23607;1.41421;1;3.60555
025_10.png;3;29;1;1;1;14.0357
025_11.png;2;28.2843;1.41421;0;2;2.82843
025_12.png;4.24264;25.4951;5.38516;0;4.12311;15.0333
026_01.png;5.09902;1;3.16228;1.41421;2.82843;6.08276
026_02.png;8;2.23607;4.24264;2.23607;1;2.23607
026_03.png;8;1.41421;3;1.41421;1.41421;8.06226
026_04.png;5.38516;1;3.60555;1;2.23607;5.09902
026_05.png;7.28011;1.41421;3.60555;1;2;4.47214
026_06.png;1;3.60555;3;1.41421;2;4.12311
026_07.png;7.2111;2.23607;2;1.41421;3;4.12311
026_08.png;5.09902;2.23607;2;1.41421;2.23607;1.41421
026_09.png;5.83095;2.23607;2.23607;1.41421;2;2.23607
026_10.png;5;5.38516;3.16228;2;2.23607;1
026_11.png;2.23607;5;3;2.23607;2;2.23607
026_12.png;2;3;2.23607;2.23607;2;5.38516
027_01.png;7.2111;2;5;2.82843;4.12311;4.47214
027_02.png;7.2111;1;1.41421;4;3.60555;2.23607
027_03.png;6.40312;2.23607;2.23607;1.41421;3.60555;3.16228
027_04.png;6.40312;2.23607;2.23607;1.41421;2;4.12311
027_05.png;0;2.23607;2.23607;6.08276;3;2.23607
027_06.png;1;2;1.41421;1.41421;3.16228;3.16228
027_07.png;4.24264;2.23607;3.60555;2.82843;3.16228;4.47214
027_08.png;5.83095;3.16228;2.23607;1.41421;3.16228;4.47214
027_09.png;4.47214;1.41421;2;8.60233;4.12311;3.16228
027_10.png;3.16228;31.8904;2;1.41421;1;4.47214
027_11.png;5.65685;28.3196;3.60555;0;2;4.47214
027_12.png;6.32456;4.12311;1.41421;0;2;2.23607
028_01.png;1.41421;4.12311;12.2066;2;3.16228;2
028_02.png;4;3;12.2066;6;2.23607;5.83095
028_03.png;3.16228;3;12.2066;2.23607;2;3.60555
028_04.png;10.8167;3.60555;12.2066;1;4;3.16228
028_05.png;5;4;12.2066;1;3.16228;5
028_06.png;2.23607;3.16228;9.8995;1;3;4.47214
028_07.png;2;4;10.2956;2;3;4.47214
028_08.png;2.23607;4;11.1803;1;2;4.47214
028_09.png;2.23607;3;11.1803;0;2;2.23607
028_10.png;4;4.12311;11.1803;1;1;1.41421
028_11.png;2;4;12.2066;1.41421;2;1.41421
028_12.png;2.23607;5.38516;11.1803;1;3.16228;1.41421
029_01.png;4.12311;2.23607;4.47214;5;2.23607;2.82843
029_02.png;1;2;6.08276;0;2.23607;5.83095
029_03.png;7.07107;2;5.09902;8.48528;2.23607;2.82843
029_04.png;7.07107;1.41421;5.09902;1;1.41421;4.24264
029_05.png;4.12311;2.23607;6.08276;1;3.16228;7.61577
029_06.png;3;2.23607;5.09902;1;3;3.16228
029_07.png;4.24264;3;2;4;2.23607;3.60555
029_08.png;3;1.41421;3;1.41421;2;2.82843
029_09.png;2;2.23607;8.544;4.12311;2;2.82843
029_10.png;3.16228;3.16228;6.08276;13;2;1
029_11.png;3;4.12311;2;4.12311;2.23607;3.16228
029_12.png;;;;;;
030_01.png;1;3.16228;7.2111;1;2;3
030_02.png;0;2.23607;2.23607;1.41421;1.41421;1
030_03.png;1;2.23607;3.60555;1;2;2
030_04.png;1;4.47214;2;2.23607;3.16228;2
030_05.png;5;5;3;1;2.23607;3.60555
030_06.png;1;3;2.23607;0;2.82843;3.16228
030_07.png;1;1.41421;2.23607;8.60233;4.12311;2.23607
030_08.png;2.23607;5;1;1.41421;2;3
030_09.png;1;1.41421;5.38516;1;4.12311;3
030_10.png;1;2.23607;6.08276;0;4.12311;3.16228
030_11.png;2.82843;1.41421;2.23607;1;4.12311;2
030_12.png;2.23607;3.16228;3.16228;6.32456;4.12311;3.16228
031_01.png;3;4.47214;2;0;2.82843;2.23607
031_02.png;2.23607;2.23607;2.23607;1;3.16228;1.41421
031_03.png;3;3.16228;2.23607;1;2.23607;1.41421
031_04.png;1;2.23607;2.23607;1;2.82843;2.23607
031_05.png;1;2.82843;6.08276;2.23607;2.23607;2.82843
031_06.png;2.23607;2.23607;4.47214;3;1;4.47214
031_07.png;3.60555;4.47214;1;1;2.23607;2
031_08.png;4.47214;2;5.65685;1;1.41421;2
031_09.png;1.41421;3;3.16228;6.40312;1;5
031_10.png;3.16228;5;2.23607;0;0;1.41421
031_11.png;2.82843;5.38516;5.65685;1.41421;2;2.23607
031_12.png;2;5;1;1;0;4.24264
032_01.png;0;1;13.1529;8.94427;3;4.47214
032_02.png;1.41421;1.41421;14.0357;5.38516;1.41421;3
032_03.png;0;3;7.81025;1;2.23607;4.47214
032_04.png;1.41421;2.23607;7.28011;11.1803;2.23607;5.38516
032_05.png;0;3;11.1803;12.083;2;1
032_06.png;1;3.16228;5.09902;7.28011;2.23607;1.41421
032_07.png;1.41421;2;2;6.32456;2.23607;4.12311
032_08.png;1;2;8.06226;2.23607;2.23607;6.08276
032_09.png;3.60555;1;2.23607;1;1;3
032_10.png;0;2.82843;2.23607;1.41421;1;2
032_11.png;0;2.82843;6.08276;7.28011;3.16228;3
032_12.png;1;3.16228;6.32456;7.07107;3;3
033_01.png;3.16228;3.16228;2;1;1;3.16228
033_02.png;3;3;2;1;2.82843;3
033_03.png;2.23607;2.23607;1;1;1.41421;2
033_04.png;3.16228;3;7.2111;2;1;1
033_05.png;2.23607;3.16228;6;1;2.23607;2
033_06.png;3.60555;2.23607;2.23607;1;3.60555;3
033_07.png;1.41421;2;2;1;4.12311;3
033_08.png;1;3.60555;3;1;1.41421;2
033_09.png;4.12311;2.82843;3;1;1.41421;3
033_10.png;3;2.23607;2;2;0;2.23607
033_11.png;1.41421;2.23607;2;1.41421;4;2
033_12.png;0;4.12311;2;1;4.12311;2
034_01.png;2.82843;1;2;1.41421;2;1
034_02.png;3;3.16228;1;1.41421;3.16228;7.81025
034_03.png;4.12311;2;2.23607;1;2.23607;4.24264
034_04.png;4.12311;3.16228;4.47214;1.41421;3.16228;4.24264
034_05.png;3;3.16228;2.23607;1.41421;2.23607;4.24264
034_06.png;3;2.82843;3;1;2.82843;6.40312
034_07.png;1.41421;2;2.23607;1.41421;1.41421;0
034_08.png;2.23607;2;2.23607;0;1;2.23607
034_09.png;3.16228;2.82843;9.05539;8.24621;2.23607;1
034_10.png;;;;;;
034_11.png;;;;;;
034_12.png;;;;;;
035_01.png;0;2.23607;9.43398;9.21954;2.23607;1
035_02.png;1.41421;2.23607;8.60233;0;1;1
035_03.png;1.41421;2.23607;2.23607;1;2;3
035_04.png;0;2;8.94427;0;1.41421;2
035_05.png;0;3.16228;8.94427;1;1;2
035_06.png;0;3;1;1;2;2
035_07.png;1.41421;2;8.06226;0;1.41421;2
035_08.png;1.41421;2;2;11.6619;0;2
035_09.png;1;1.41421;1;8.544;1.41421;2
035_10.png;4.24264;1;1;2.82843;1;2.82843
035_11.png;1.41421;2.82843;5;3.60555;1.41421;3.60555
035_12.png;2.23607;3;1;0;1;2.82843
036_01.png;2.23607;2;2.23607;1.41421;1;2.82843
036_02.png;1;1.41421;1;11.4018;3.60555;3.16228
036_03.png;1;1;7.2111;38.2099;50.9902;37.855
036_04.png;1;2.23607;3;0;3;3
036_05.png;2;4;9.21954;1;3;3.16228
036_06.png;4.47214;4.12311;2.23607;41.1947;50.8035;36.2215
036_07.png;5;2.23607;2;1.41421;3.16228;4.12311
036_08.png;1;1.41421;8.24621;7.07107;3.60555;4.12311
036_09.png;1;1;8.544;7.81025;2;2
036_10.png;5.09902;1;8.06226;1.41421;2.23607;3.16228
036_11.png;2.23607;1;4.12311;1;2.23607;3.16228
036_12.png;4.47214;3.16228;2;2;1.41421;3.60555
037_01.png;2;5.09902;3;1.41421;2.82843;5.38516
037_02.png;1;2.82843;3;1.41421;1;4.47214
037_03.png;4.12311;2.82843;3;0;3.16228;4.47214
037_04.png;4;2.23607;1;0;3;4.47214
037_05.png;8.06226;2;2.23607;0;4.47214;5
037_06.png;3.16228;2;2;1;4.12311;4.47214
037_07.png;3.16228;2.23607;2;1.41421;4.47214;5.38516
037_08.png;2.23607;5;2.23607;0;4.12311;4.12311
037_09.png;2.23607;1;2.23607;0;5.09902;5.09902
037_10.png;8.24621;1;2.23607;1;4;5
037_11.png;2.82843;2.23607;2.23607;1;4;5
037_12.png;2.23607;1.41421;2.23607;0;4.12311;3.60555
038_01.png;2.23607;1;2.23607;5;4.12311;4.12311
038_02.png;1;1.41421;1;10.0499;2.23607;3.16228
038_03.png;2.23607;2.23607;2;5;1.41421;4.47214
038_04.png;1.41421;2.23607;2.23607;1;3.16228;3.16228
038_05.png;2.23607;3.16228;6.32456;7.61577;2.23607;4.47214
038_06.png;1.41421;4;6.32456;1;2;3.60555
038_07.png;4.47214;1;2.23607;4.12311;5.65685;2.82843
038_08.png;2.23607;1;1.41421;5.09902;5;2.82843
038_09.png;8.544;1.41421;1;4;2;2.82843
038_10.png;3.16228;1;1.41421;8.06226;2.82843;3.16228
038_11.png;4.47214;1.41421;2.23607;9.21954;3.16228;2
038_12.png;5;1;1.41421;5.09902;4.47214;3.60555
039_01.png;9.21954;5.09902;1;7.2111;8.60233;4.47214
039_02.png;9.05539;5.09902;3.16228;5.09902;10;4.47214
039_03.png;1;6.08276;2;6.32456;7.81025;3.16228
039_04.png;1.41421;5;6;8.60233;7.2111;3
039_05.png;4.12311;5;17.2627;1.41421;5.83095;3.60555
039_06.png;2.23607;3.16228;1;2.23607;3.16228;3.60555
039_07.png;12.6491;4.12311;5;1;5.83095;5
039_08.png;2.82843;3.60555;4.12311;2.23607;5.38516;5
039_09.png;2;4.47214;2.23607;10.198;5.83095;5.09902
039_10.png;11;3;2.23607;10.198;1.41421;3
039_11.png;0;7.28011;1.41421;6.08276;2;3.16228
039_12.png;1;6.32456;2.23607;1.41421;2.23607;4
040_01.png;4.24264;2.23607;2.23607;0;2.82843;2.82843
040_02.png;2;1.41421;2;3.16228;4.12311;1.41421
040_03.png;2.82843;2.23607;2.23607;2.23607;2.23607;2.23607
040_04.png;3.60555;2.23607;2.23607;1.41421;2.82843;2.82843
040_05.png;1;4.47214;1;2.82843;3.60555;5
040_06.png;2.23607;3.16228;1.41421;0;3.60555;1.41421
040_07.png;1;2.82843;1.41421;1;2.82843;2.23607
040_08.png;2.23607;3.16228;1;0;3.16228;1.41421
040_09.png;2.23607;4.47214;0;2.23607;3.16228;1.41421
040_10.png;1.41421;3.60555;1;1;2.23607;0
040_11.png;1.41421;4.12311;5;1;1.41421;1
040_12.png;1;3.16228;2.23607;1;1.41421;1.41421
041_01.png;;;;;;
041_02.png;7.2111;0;11.4018;2.23607;1.41421;1
041_03.png;0;4.12311;12;2.23607;1;2.23607
041_04.png;;;;;;
041_05.png;1;3.60555;10;0;3;2.23607
041_06.png;;;;;;
041_07.png;;;;;;
041_08.png;;;;;;
041_09.png;;;;;;
041_10.png;;;;;;
041_11.png;;;;;;
041_12.png;;;;;;
042_01.png;4.47214;1.41421;4;4.47214;0;4.12311
042_02.png;5.09902;2.82843;5.09902;1;1;4.12311
042_03.png;5.83095;4.24264;2;8;1.41421;2.23607
042_04.png;6.40312;3.16228;2;8.06226;5;3.16228
042_05.png;7.81025;4;7.81025;8.06226;4;6
042_06.png;4;3.60555;3.16228;8.06226;3.16228;5.83095
042_07.png;5.09902;5.09902;24.3516;9;5.09902;5.09902
042_08.png;6.7082;47.5079;23.7697;1.41421;2.23607;3
042_09.png;6.32456;1;2.82843;8;1;3
042_10.png;;;;;;
042_11.png;8.544;54.6717;17.6918;1;3.60555;5.83095
042_12.png;27.7849;54.0833;26.4008;3.16228;5;7.2111
043_01.png;1;1;2;5;1.41421;7.07107
043_02.png;2.23607;3;1;3.16228;1;1.41421
043_03.png;0;2.23607;0;1;1;2
043_04.png;0;2.82843;8.94427;11.7047;2.82843;1
043_05.png;2;2;10.4403;11.7047;2.23607;4.47214
043_06.png;0;2.23607;6;13;4.12311;3.16228
043_07.png;1;2.23607;1;5.38516;2.23607;1
043_08.png;1;2.23607;0;0;1.41421;2.23607
043_09.png;1.41421;1.41421;1;1;2;2.23607
043_10.png;1;2;1;1;0;1.41421
043_11.png;2.23607;3.16228;1;1;1.41421;2.82843
043_12.png;1.41421;2;0;1.41421;3.16228;2.23607
044_01.png;0;36.2353;2;1;35.3836;2
044_02.png;1;2.23607;2;0;2.23607;3
044_03.png;1;4;9.43398;5.09902;3.16228;8.60233
044_04.png;0;4.12311;1;0;3;10.6301
044_05.png;0;4.12311;9.43398;5.38516;1.41421;6.08276
044_06.png;3;4.12311;5;1;2;6
044_07.png;1;3.16228;1;0;2;2.23607
044_08.png;1;36.8782;1;9.21954;3;8.544
044_09.png;1;38.2884;2;9.8995;1;9.21954
044_10.png;2;37.4833;2;0;1;2
044_11.png;1.41421;36.8782;6.32456;1;2;4
044_12.png;3.16228;4;5.38516;9.43398;1;9.21954
045_01.png;3.60555;4.47214;12.53;2.23607;2;2.23607
045_02.png;;;;;;
045_03.png;;;;;;
045_04.png;;;;;;
045_05.png;3.60555;3.16228;2.23607;20.6155;2.23607;8.24621
045_06.png;101.637;97.0824;94.2444;1;3.16228;2.23607
045_07.png;3.16228;1.41421;3.16228;2.23607;2.82843;9.05539
045_08.png;3;3.16228;8;6.40312;3.16228;2
045_09.png;4.24264;3.16228;9;1.41421;2.82843;2.23607
045_10.png;10;6.08276;8.06226;2.23607;2;21.4009
045_11.png;10;6;3;1.41421;1.41421;12.0416
045_12.png;1.41421;6.32456;8.06226;1;3.16228;8.06226
046_01.png;1;2.23607;3.16228;1;3.60555;3.16228
046_02.png;7.28011;1.41421;3.16228;2.23607;1.41421;2
046_03.png;7.28011;1;2.23607;1;2.82843;3.16228
046_04.png;7.61577;2.23607;3.16228;2;1.41421;3
046_05.png;6.08276;4;6.7082;7.07107;2.23607;3.16228
046_06.png;6.08276;4;3.16228;8.06226;2.23607;3.16228
046_07.png;8.24621;2.23607;3;1;2.82843;3.16228
046_08.png;6.32456;2.23607;3;1;2.23607;3.16228
046_09.png;8.544;3.16228;3.16228;1.41421;0;1
046_10.png;10.4403;3;3;1;1.41421;2.23607
046_11.png;10.0499;1.41421;3;2;3;3.16228
046_12.png;7.07107;2.82843;3;1;3.16228;2.23607
047_01.png;4.47214;3.16228;5.38516;5.09902;4.12311;10.7703
047_02.png;6.08276;1;5.09902;6.32456;1.41421;3.60555
047_03.png;2.82843;1.41421;5;4.12311;1;2
047_04.png;2.82843;3.16228;5;5.09902;3.16228;5.38516
047_05.png;4.12311;2.23607;5;4.24264;1;3
047_06.png;1.41421;3.60555;4.47214;6.08276;3;2.23607
047_07.png;2;3;5.38516;6.40312;3;7.07107
047_08.png;4;3.16228;5.38516;7.61577;1.41421;7.07107
047_09.png;4.47214;1;5;8.06226;1.41421;3.16228
047_10.png;;;;;;
047_11.png;4;2.23607;5.38516;5;2;2.23607
047_12.png;10.0499;4.12311;7.81025;13.9284;2.23607;26.2488
048_01.png;1;1;3.16228;1;3;2.23607
048_02.png;1.41421;1.41421;2;1;3;2.23607
048_03.png;10.2956;0;4.12311;2.23607;2.23607;3.16228
048_04.png;1.41421;1;2.23607;2;4;2.23607
048_05.png;2;2.23607;5.83095;2.23607;3.16228;1.41421
048_06.png;0;4.12311;3.16228;2;3.16228;2.23607
048_07.png;1.41421;5;3.16228;1;4.12311;3.16228
048_08.png;1.41421;2;4;2.23607;4.12311;3.16228
048_09.png;1.41421;4.12311;1.41421;2.23607;1;2
048_10.png;1;4.47214;3;1.41421;2.23607;1
048_11.png;1;3;3.16228;3.16228;3.60555;2.23607
048_12.png;0;5;3.16228;1;2;2.23607
049_01.png;6;2.23607;2;1.41421;4;2.23607
049_02.png;5;1.41421;2;1;3;1.41421
049_03.png;5.38516;2;2;1;4.12311;11.6619
049_04.png;6.40312;2;2;1;2.82843;13.0384
049_05.png;5.38516;2;2.23607;1.41421;2.23607;14.5602
049_06.png;6.08276;4;2;0;3.16228;13.6015
049_07.png;7.2111;2.23607;2;1;3.16228;4.24264
049_08.png;7;1;3;0;3.16228;6.32456
049_09.png;5.09902;2.82843;2;1;3.60555;3.60555
049_10.png;5.09902;4.12311;2;1.41421;3.16228;3.16228
049_11.png;3.60555;4.12311;3.16228;0;2;2.23607
049_12.png;3.60555;3.16228;3;1;2;4.24264
050_01.png;5.38516;5;1.41421;0;4;3.16228
050_02.png;;;;;;
050_03.png;;;;;;
050_04.png;;;;;;
050_05.png;2.23607;3.16228;4.24264;1.41421;2.23607;8
050_06.png;;;;;;
050_07.png;;;;;;
050_08.png;5.83095;4;2;7.07107;4.12311;2.23607
050_09.png;;;;;;
050_10.png;5;6.08276;2.23607;2;2.82843;2.82843
050_11.png;3;4.12311;2.23607;2;2.23607;6.40312
050_12.png;2;4.47214;11.6619;3;1.41421;6.40312
051_01.png;1;2.23607;4.24264;3.60555;1.41421;3.16228
051_02.png;1;5.09902;2.23607;4;2;3.16228
051_03.png;1;3.16228;2.23607;3.16228;2.23607;2.82843
051_04.png;0;2;5.38516;1.41421;1.41421;2.23607
051_05.png;1;2;5.38516;3.16228;1;1
051_06.png;0;2.23607;2.23607;1;1.41421;3.16228
051_07.png;2;3.16228;4.12311;3.16228;1.41421;2.82843
051_08.png;1.41421;3.16228;3.60555;3.60555;2.23607;4.24264
051_09.png;2;4.47214;2.23607;3.60555;3.16228;3.60555
051_10.png;3.60555;3.16228;2.82843;11;2.23607;1
051_11.png;5;4;2.23607;1.41421;2.23607;2
051_12.png;7.81025;3.16228;1;1;1;4.24264
052_01.png;3.16228;2.23607;2.82843;1.41421;2;4
052_02.png;2;1.41421;2.23607;1;1;4
052_03.png;2.23607;2.82843;2;1.41421;2.82843;3
052_04.png;2;3;3.16228;1.41421;2.82843;3
052_05.png;3.16228;3;3.60555;3.60555;2;3.16228
052_06.png;3.60555;4;3.60555;3.60555;3.60555;4
052_07.png;5.09902;3;4.12311;1;3.60555;4.12311
052_08.png;4;3.16228;2;1;2.82843;4
052_09.png;3;2.82843;2.23607;2.23607;2;3
052_10.png;6;4;2.23607;1.41421;3.16228;3.16228
052_11.png;6;2.23607;2.23607;1;1;2.23607
052_12.png;4.47214;3.16228;3.60555;1;3;4.12311
053_01.png;5.65685;3.16228;2.23607;1.41421;1.41421;6.40312
053_02.png;4.47214;2.82843;3.16228;2;3.60555;8.544
053_03.png;5.09902;2.23607;9.05539;1;2.82843;4.47214
053_04.png;3.60555;2.23607;9.21954;3.60555;2.23607;4.12311
053_05.png;2.82843;1.41421;8.94427;2.23607;1.41421;5.65685
053_06.png;5;3.60555;1.41421;1.41421;3.16228;5.83095
053_07.png;6.7082;2.23607;6.08276;2.23607;2.23607;5.83095
053_08.png;6.40312;2.23607;2.23607;1;2;5.83095
053_09.png;5;3.16228;3.16228;2;2.23607;5
053_10.png;5.65685;6;2.23607;2;4;4.12311
053_11.png;6.40312;5;1.41421;1;2.23607;5.38516
053_12.png;5.65685;3.16228;1.41421;2.82843;1;7.07107
054_01.png;2.23607;3.16228;4.24264;2.82843;1;1
054_02.png;1;3;1;2.82843;2.23607;4.12311
054_03.png;3.16228;2.23607;1;0;2.23607;4
054_04.png;2.23607;2.23607;1;1;2;1
054_05.png;3.16228;2.82843;1.41421;1.41421;1.41421;4.12311
054_06.png;3.16228;4.12311;1.41421;0;3.60555;4
054_07.png;3.16228;2.23607;3.16228;1;4.24264;1.41421
054_08.png;4.12311;4;1;0;4.47214;3
054_09.png;3;2.82843;2;0;1.41421;4
054_10.png;4.47214;2.23607;1;0;4.47214;3.16228
054_11.png;2.23607;4.47214;2;0;4.12311;4.12311
054_12.png;3.16228;2.82843;2.23607;0;4.12311;3.16228
055_01.png;2;2;1;0;2.23607;3.16228
055_02.png;3.16228;1.41421;1;1;1;2.23607
055_03.png;2;1;1;1;3.16228;3.16228
055_04.png;0;3;3.16228;1;2.23607;3.16228
055_05.png;4.12311;2.23607;4.24264;1;3;1.41421
055_06.png;4;2;1;0;2.23607;2.23607
055_07.png;2;2;3.16228;0;3.16228;5.09902
055_08.png;5;1;2;1;2.82843;1.41421
055_09.png;4.12311;2;0;0;2;3.16228
055_10.png;;;;;;
055_11.png;7.61577;3.16228;1;1;3.16228;8.24621
055_12.png;8.544;2.23607;1;1;2.82843;3.16228
056_01.png;2;4.12311;6;1.41421;5;3.60555
056_02.png;5.83095;5.09902;2;5.09902;6;1.41421
056_03.png;10.0499;5.38516;2.23607;5;2.82843;3.16228
056_04.png;6.40312;5;3;6.08276;5;3.16228
056_05.png;0;3.60555;6.08276;6.08276;3.60555;2
056_06.png;1;3.60555;1.41421;2;3.16228;3.60555
056_07.png;2;5.83095;2.23607;0;4.47214;2.23607
056_08.png;3.16228;5;2.23607;6.08276;5.09902;2.23607
056_09.png;7.07107;6.08276;2.82843;6.08276;4.47214;1.41421
056_10.png;2.23607;5;3;1.41421;4.47214;3.60555
056_11.png;6.40312;4;1;2;4;2.23607
056_12.png;7.07107;3;1.41421;6.08276;3.16228;2.23607
057_01.png;0;1.41421;2.23607;1.41421;3.16228;4.24264
057_02.png;0;1.41421;1.41421;2;2;2.82843
057_03.png;1;1;1.41421;1;1.41421;0
057_04.png;1.41421;2.82843;3.16228;2.23607;2;1.41421
057_05.png;1;4.24264;1.41421;13.4164;2.23607;2.82843
057_06.png;1.41421;4.47214;2.82843;1;2.23607;2.82843
057_07.png;1.41421;1.41421;2.23607;1.41421;3;3.60555
057_08.png;2;2.82843;2.23607;0;1.41421;4.47214
057_09.png;1;2;3.60555;1.41421;2;5.09902
057_10.png;3.60555;3.16228;1.41421;1;1;2.82843
057_11.png;2.82843;2;2.23607;1;2;3.60555
057_12.png;3.16228;3;4.47214;1.41421;3;0
058_01.png;3.60555;1;4.47214;1;1.41421;6.32456
058_02.png;2.23607;2;5;3.60555;2.23607;4.47214
058_03.png;2.23607;2.23607;4.24264;5;2;5.09902
058_04.png;3.60555;1.41421;5;1;2.82843;5
058_05.png;5.38516;1.41421;6.7082;1;0;4
058_06.png;4.47214;2;5.38516;1;2.23607;5.38516
058_07.png;5;1.41421;5.83095;0;1;5.38516
058_08.png;4.24264;2.23607;4.24264;4.12311;2.23607;4.47214
058_09.png;4.47214;4.12311;4.24264;1;2;2.82843
058_10.png;5.38516;6.08276;2;0;1.41421;6.08276
058_11.png;4;2;4.24264;1;1.41421;6.32456
058_12.png;2;3.16228;5;0;3.60555;6.40312
059_01.png;0;2.23607;3.16228;1;1.41421;1.41421
059_02.png;1;5.38516;1;5.83095;2;2.23607
059_03.png;2;3.16228;2.23607;1.41421;2.23607;4
059_04.png;2;4.12311;3;1.41421;2.23607;4.47214
059_05.png;2;1.41421;8.24621;1;1;2
059_06.png;1.41421;4;1.41421;1;2.82843;3
059_07.png;1;2.23607;1.41421;0;3.16228;4
059_08.png;0;2.23607;1.41421;1.41421;1.41421;2.23607
059_09.png;3.16228;3;1;1;2.23607;3.16228
059_10.png;2.82843;3.60555;2;1;2.23607;3.16228
059_11.png;1;4;3.60555;1;3.60555;2.23607
059_12.png;0;4;3;0;2;1.41421
060_01.png;2;1.41421;3.16228;0;2;7.07107
060_02.png;1;1.41421;1;9.84886;2.82843;5.09902
060_03.png;2;1;3.16228;4;2.23607;4
060_04.png;2;1.41421;3.16228;8.94427;2.82843;7.28011
060_05.png;3;2;2.23607;1;2;8.24621
060_06.png;4.12311;2;2.23607;0;3.60555;7.28011
060_07.png;2.23607;1.41421;3.16228;1;2;7.28011
060_08.png;4;1.41421;13.4164;8.60233;2.23607;4.47214
060_09.png;9.05539;9.05539;11.1803;9.84886;2.82843;4.12311
060_10.png;13.4164;4.12311;10.2956;10.4403;3.16228;5.83095
060_11.png;5.09902;3;11.7047;8.544;14.0357;12.0416
060_12.png;4;1;7.07107;6.7082;1;7.28011
061_01.png;5;1.41421;4.12311;6.32456;0;11.6619
061_02.png;1;3.16228;7;8;1.41421;8.06226
061_03.png;;;;;;
061_04.png;2.23607;3;8.06226;8;0;11.1803
061_05.png;2;2;7.2111;7.61577;1;6.32456
061_06.png;1.41421;3;6.7082;7.28011;2;12.53
061_07.png;3.16228;3.16228;4.12311;9;1;6.08276
061_08.png;2;3;10.7703;9.05539;1;12.083
061_09.png;2.23607;2;9.05539;8;1;4.47214
061_10.png;7.07107;3.16228;4.47214;4.47214;2;7.81025
061_11.png;5;4.47214;6.08276;4.47214;1;2
061_12.png;;;;;;
062_01.png;1.41421;1.41421;1.41421;1;3.60555;3
062_02.png;1.41421;3.16228;13.6015;12.083;0;2.23607
062_03.png;1.41421;4.47214;1;1;2.23607;0
062_04.png;3.60555;3;1.41421;1;2.23607;1.41421
062_05.png;1.41421;3.16228;13.6015;0;1.41421;13.0384
062_06.png;4.24264;2;9.05539;1;3.16228;1.41421
062_07.png;1;2;2.23607;1;3.60555;1
062_08.png;2.23607;2;2.23607;1;2.82843;3.60555
062_09.png;3.60555;2.23607;1.41421;1;2.23607;1
062_10.png;1.41421;3.60555;1;0;1.41421;3.60555
062_11.png;1;3;2.23607;1;0;2
062_12.png;2.23607;4.12311;1;1;1.41421;3.60555
063_01.png;;;;;;
063_02.png;;;;;;
063_03.png;;;;;;
063_04.png;;;;;;
063_05.png;;;;;;
063_06.png;;;;;;
063_07.png;;;;;;
063_08.png;1.41421;6.7082;1.41421;1;2;2.23607
063_09.png;3.16228;5.38516;2.23607;8.06226;2.23607;2
063_10.png;3.16228;2.82843;5.09902;8;2;4
063_11.png;3.60555;5;2.82843;17.72;2.23607;2.23607
063_12.png;;;;;;
064_01.png;2;3.16228;3;2;3;5.38516
064_02.png;2.23607;5;11.7047;1.41421;2.82843;5.38516
064_03.png;3.16228;2.23607;3.16228;4.47214;6.40312;6.32456
064_04.png;3;4.47214;3.16228;2.23607;5.38516;6.7082
064_05.png;3.16228;5.38516;2;4.47214;4.47214;5.38516
064_06.png;2;5.09902;6;4.12311;4;6.7082
064_07.png;1;3.16228;3.16228;2.23607;3.16228;1.41421
064_08.png;1;1.41421;3.16228;3.16228;2.23607;4.24264
064_09.png;2.23607;2.23607;4.12311;2.23607;3.16228;4.24264
064_10.png;2;4;4.12311;3.60555;1;0
064_11.png;4.12311;4.12311;3;2;1.41421;0
064_12.png;2.23607;3;6.08276;2;2.23607;5.09902
065_01.png;1;2.23607;1;1;2.23607;5.38516
065_02.png;3;1;2;1.41421;1;1
065_03.png;5.38516;0;2;0;1.41421;1.41421
065_04.png;6.32456;1.41421;1.41421;1.41421;4.12311;2
065_05.png;3.16228;1;2.23607;1;3.16228;1.41421
065_06.png;2;3;2.23607;0;2.23607;5.83095
065_07.png;3.16228;0;2;1.41421;2;2.23607
065_08.png;3;2;7.2111;1;3;2.23607
065_09.png;3.16228;1.41421;2.23607;1;2.23607;4.12311
065_10.png;3;2.23607;2;0;2.23607;1
065_11.png;3.16228;1.41421;8.544;0;1;5.83095
065_12.png;0;3.16228;2.23607;1;2.23607;6.7082
066_01.png;2.82843;5;4;6.7082;1;6.32456
066_02.png;0;2.23607;5.83095;8.544;1.41421;5.38516
066_03.png;1;4;7.07107;8.544;2;6.08276
066_04.png;1;3.60555;7.07107;10.0499;2.23607;5.38516
066_05.png;1;4.47214;6.08276;9.21954;3.16228;8.60233
066_06.png;2;2.23607;9.05539;5.83095;1.41421;6.32456
066_07.png;1.41421;2.23607;2.82843;9.21954;3;7.07107
066_08.png;1.41421;2;7;8.94427;0;6.08276
066_09.png;7.2111;1.41421;2.23607;8.94427;0;2.82843
066_10.png;2;2;7;8.544;1.41421;6
066_11.png;2;3.16228;3.60555;9.48683;3.60555;6.08276
066_12.png;2;4;6;2.23607;2.23607;7.07107
067_01.png;8;2.23607;6.08276;8.48528;5;5.09902
067_02.png;8.06226;0;7.07107;9.05539;4.47214;6
067_03.png;4.12311;1;8.24621;5.09902;4.47214;5
067_04.png;5.38516;2.23607;9.84886;2;4.47214;5
067_05.png;4.47214;3.16228;8.24621;5.09902;3.60555;5
067_06.png;5;3;5.38516;6.08276;5;5
067_07.png;5;1.41421;1;5;4.47214;1.41421
067_08.png;4.47214;0;6.40312;9.21954;4.47214;1.41421
067_09.png;5.38516;1;8.06226;7.07107;3.16228;11.6619
067_10.png;10.0499;1;2;5;0;12.083
067_11.png;;;;;;
067_12.png;10.0499;2;7.07107;8.24621;3.16228;13.6015
068_01.png;1;5.09902;1.41421;1.41421;6.08276;3
068_02.png;3.16228;3;8.24621;5;2.23607;3
068_03.png;2.23607;3.60555;2.23607;0;6;3
068_04.png;2.23607;6.08276;8.06226;1.41421;6;2
068_05.png;2.23607;7.28011;2.23607;0;3.60555;3
068_06.png;5.09902;4.24264;2.23607;1.41421;6;5
068_07.png;3;3.60555;7;1;6;3
068_08.png;3.60555;4.47214;2;1.41421;1.41421;5
068_09.png;4;3.60555;6.08276;7.81025;2.23607;3
068_10.png;4.12311;3.16228;3.16228;0;2;4.47214
068_11.png;3.16228;2.82843;2.23607;0;1;4.24264
068_12.png;2.82843;4.12311;2.23607;1;4.12311;5.38516
069_01.png;2;3.60555;4.12311;0;2.23607;2
069_02.png;2.82843;5.09902;13;2;5;10.7703
069_03.png;1.41421;2.23607;4;1.41421;5.38516;1
069_04.png;1.41421;6;10;0;1.41421;1.41421
069_05.png;4.12311;2.82843;2.23607;1;1.41421;5.09902
069_06.png;2;2.23607;1;1.41421;2;6.08276
069_07.png;3;2.23607;7.07107;1.41421;5.09902;4.12311
069_08.png;2;2.82843;12.083;2.23607;5.09902;2.82843
069_09.png;1.41421;2.23607;13.6015;1.41421;5.09902;2.23607
069_10.png;4.12311;3.16228;13.6015;5.09902;2.82843;3.16228
069_11.png;5;2;4;1;2.82843;1.41421
069_12.png;5.09902;3.16228;4.12311;1;3.16228;5.09902
070_01.png;6.40312;5.83095;1;1;4.12311;2
070_02.png;5.83095;2.23607;2;1.41421;0;1
070_03.png;5;1.41421;1;0;1;1
070_04.png;5.83095;3.16228;2.82843;0;3.60555;3.60555
070_05.png;5;3.16228;3.16228;1;1;5.83095
070_06.png;7.07107;3.16228;2.23607;1;2.82843;5.65685
070_07.png;0;2.23607;2;1;2.23607;2
070_08.png;1;2.82843;2;1;1.41421;3.16228
070_09.png;5.65685;4.12311;9.21954;1;2.23607;11
070_10.png;;;;;;
070_11.png;1.41421;4.12311;1;0;2.82843;2.23607
070_12.png;3.16228;3;1;0;4.47214;3.60555
071_01.png;1.41421;0;1;5;1;1
071_02.png;2.23607;4.47214;1;6.08276;3;0
071_03.png;1.41421;4.24264;5.38516;3;2.82843;0
071_04.png;1;5;4.12311;2.23607;6.08276;0
071_05.png;2.23607;2.82843;5;1;2;2.23607
071_06.png;1.41421;4.12311;5.38516;0;2.23607;1
071_07.png;2.23607;2;5.38516;1;4.24264;0
071_08.png;1.41421;1.41421;5.83095;0;5.09902;5.38516
071_09.png;1;1.41421;5.38516;3.16228;2.82843;1
071_10.png;1;4.12311;1;3.16228;2;3.16228
071_11.png;1;4;1;3.16228;1;3
071_12.png;0;3.16228;1;0;1.41421;2
072_01.png;5;4.12311;1;1.41421;3;3.16228
072_02.png;4.12311;5;2;1;3.16228;5.38516
072_03.png;3.16228;4.47214;2.23607;9.84886;2.82843;4.12311
072_04.png;2.23607;2.23607;2.23607;9.48683;3.60555;5.38516
072_05.png;4.12311;2.82843;5.38516;7.61577;2.23607;5.38516
072_06.png;4.12311;5.09902;1;1;2.23607;5.38516
072_07.png;3.16228;4.12311;2.23607;1;2;4.47214
072_08.png;4.47214;3.16228;1;1.41421;3;5.83095
072_09.png;5.09902;2.23607;3.16228;1.41421;2.23607;5.83095
072_10.png;4.24264;2;3.16228;5;1;4.12311
072_11.png;4;1.41421;3;1;3.16228;3.16228
072_12.png;2.82843;2.23607;2.23607;1;2;6
073_01.png;1.41421;2.82843;1.41421;0;4.47214;1
073_02.png;2.23607;1.41421;3.60555;5;2;2
073_03.png;0;1;3.16228;4;2.23607;2
073_04.png;0;2.23607;7.07107;2;2.23607;1.41421
073_05.png;5.38516;2;8.06226;1;3;1.41421
073_06.png;2;2.23607;10;1;2.23607;3
073_07.png;2.82843;3.16228;4.47214;0;2;3
073_08.png;2;2;7;0;1.41421;2
073_09.png;2;1.41421;1.41421;1;2.23607;1
073_10.png;1.41421;2.23607;1;0;2.23607;1
073_11.png;2;1;1;1;1;2.23607
073_12.png;1;2;10;0;1;2.23607
074_01.png;1;4.12311;1;6.40312;2.23607;6
074_02.png;4.24264;1.41421;2.23607;3.60555;4.47214;6.08276
074_03.png;5.38516;2.23607;1;1;5.83095;5.09902
074_04.png;2;1.41421;1;3.60555;5.83095;6.32456
074_05.png;0;3.16228;1;0;4.47214;6.08276
074_06.png;0;4;7.07107;2.82843;2;7.28011
074_07.png;1.41421;1.41421;1;3.60555;3.16228;3.16228
074_08.png;1.41421;1;1;4.24264;3.16228;5.09902
074_09.png;3.60555;0;2;5.09902;2.23607;2
074_10.png;3.60555;1;2.23607;4.47214;2;0
074_11.png;1;1;2;3.60555;3;1
074_12.png;1.41421;3.16228;1;0;2;1
075_01.png;5;5.09902;13.0384;1;2.23607;5.09902
075_02.png;4;1;1;1.41421;2.23607;5.09902
075_03.png;1;4;2.23607;8.60233;1.41421;5.09902
075_04.png;1;2;8.24621;12.083;2.82843;5.09902
075_05.png;3.60555;4.12311;10.4403;1;1;5.09902
075_06.png;1.41421;3.16228;1;0;2.23607;5.38516
075_07.png;2.23607;4;2.23607;1.41421;2.23607;5.38516
075_08.png;3.16228;2.23607;12.2066;8.24621;2.82843;5.38516
075_09.png;3.16228;4.12311;2.23607;9.21954;1;4.47214
075_10.png;2.23607;1;2;9.05539;0;2.82843
075_11.png;2.23607;5;8.60233;0;4;2.23607
075_12.png;1.41421;5.09902;8.06226;8.60233;2.23607;1.41421
076_01.png;2.82843;1.41421;2.23607;1.41421;3.16228;1
076_02.png;1;5.09902;1.41421;1;2.23607;4.12311
076_03.png;2.23607;6.08276;6.08276;1;3.60555;1.41421
076_04.png;2.23607;6.08276;3.60555;1;3.60555;4.47214
076_05.png;2.82843;3.60555;1.41421;1;3.60555;4.47214
076_06.png;3.60555;4;1;0;2;6.7082
076_07.png;1;4;2.82843;1;2;3.16228
076_08.png;3.16228;1;1.41421;1;2;3.16228
076_09.png;3.60555;1.41421;2.23607;1;1;2
076_10.png;3.16228;2;2;0;1.41421;1
076_11.png;3.60555;2;1;1;2;6.32456
076_12.png;1;3.16228;1;1;3.16228;2.23607
077_01.png;0;3.16228;7.07107;1;1;5
077_02.png;2.23607;2.82843;3;1;1;4.12311
077_03.png;2.23607;4.12311;3;1;2.23607;2
077_04.png;1.41421;2.23607;2.23607;0;2.23607;3.16228
077_05.png;1.41421;3.16228;2.23607;1.41421;1.41421;4.12311
077_06.png;2.82843;2.23607;7.28011;1;3.16228;5.83095
077_07.png;1;2.23607;2.23607;0;2.23607;2.23607
077_08.png;2.82843;2;2.23607;1.41421;3.60555;5.38516
077_09.png;3.16228;2.82843;2.23607;1.41421;2.82843;5
077_10.png;1.41421;3;3.16228;5.38516;2.82843;5
077_11.png;2.23607;3.16228;2;1.41421;2.23607;5
077_12.png;1;4.12311;6.7082;1.41421;2;5
078_01.png;;;;;;
078_02.png;;;;;;
078_03.png;8.24621;2;2.23607;3.60555;3.16228;6.08276
078_04.png;;;;;;
078_05.png;;;;;;
078_06.png;;;;;;
078_07.png;;;;;;
078_08.png;;;;;;
078_09.png;7.28011;5.09902;7.07107;3.16228;2.23607;2.23607
078_10.png;;;;;;
078_11.png;;;;;;
078_12.png;;;;;;
079_01.png;2.23607;1;2;5.65685;2;4
079_02.png;3.60555;1.41421;10.6301;8.06226;3.16228;3.16228
079_03.png;2;2;2;7.61577;3.16228;3.16228
079_04.png;5.09902;3.16228;10.8167;9.43398;4;2
079_05.png;4.47214;3;2.23607;8.60233;2.23607;1
079_06.png;2.23607;4;3.16228;1.41421;1;4.47214
079_07.png;5.83095;4;1;8.60233;3.16228;3.16228
079_08.png;1.41421;3;1.41421;11.4018;3;4.47214
079_09.png;5;4.12311;2;4.24264;1.41421;5
079_10.png;1.41421;5;1;4.24264;2;5.38516
079_11.png;1;4.12311;1.41421;12.2066;2;5
079_12.png;1.41421;6.08276;10.6301;12.7279;3;6.40312
080_01.png;1;2;1;6.7082;1.41421;1
080_02.png;1;2;2.23607;6.32456;1.41421;1
080_03.png;1.41421;2;2;5.38516;2.23607;2.23607
080_04.png;2.23607;1;2.23607;6.32456;2.23607;0
080_05.png;4.12311;3.16228;3.16228;6.7082;2;3
080_06.png;1.41421;3.16228;2.23607;1;2.23607;3.16228
080_07.png;1.41421;2.23607;1.41421;5.83095;1;2.23607
080_08.png;2.23607;3.16228;1;6.32456;1;1.41421
080_09.png;2;2;2.82843;6.7082;2;1.41421
080_10.png;2.82843;3;1;6.7082;2.23607;3.16228
080_11.png;2;3;1;5.83095;2;1
080_12.png;1;2.23607;2;5.83095;2;2.23607
081_01.png;4;1.41421;2;10.4403;2;3.60555
081_02.png;4.12311;2;2.23607;8.06226;2;3.60555
081_03.png;4;1.41421;0;10.198;3;2.82843
081_04.png;4;1.41421;1.41421;1;3;3.60555
081_05.png;4;3.16228;5.65685;0;1;1.41421
081_06.png;4;3;1;1;1.41421;3.60555
081_07.png;3.16228;3.16228;4.12311;1;1;5
081_08.png;4;1.41421;4;0;1;3.16228
081_09.png;4;1;4;9.43398;1.41421;3.60555
081_10.png;4.47214;1.41421;4.12311;13.0384;2;2.82843
081_11.png;;;;;;
081_12.png;;;;;;
082_01.png;;;;;;
082_02.png;2.23607;1.41421;2;1;2.23607;1
082_03.png;3.16228;2;2;1;2;3.16228
082_04.png;3.16228;2.23607;2.23607;1.41421;3.16228;2.23607
082_05.png;2.23607;1;2.23607;4.12311;3.16228;3
082_06.png;3.16228;3.16228;5;2;2.23607;6.7082
082_07.png;2.23607;2.23607;3;4;3.60555;6.7082
082_08.png;3.16228;1;3.16228;2;2.82843;7.07107
082_09.png;9.21954;1.41421;1.41421;4;0;7.81025
082_10.png;3.16228;2.82843;6.08276;2.23607;2.23607;3.16228
082_11.png;2;2.23607;4.12311;1.41421;2;1.41421
082_12.png;;;;;;
083_01.png;;;;;;
083_02.png;6.7082;2.82843;6.08276;2.23607;5.38516;3.60555
083_03.png;;;;;;
083_04.png;3.16228;2.23607;7.81025;5.38516;4.47214;13.6015
083_05.png;5;4.47214;4.47214;5.38516;4.12311;11.4018
083_06.png;3;5;5;2;2.82843;13.3417
083_07.png;3.16228;5.83095;5.38516;1.41421;1.41421;13.1529
083_08.png;4;1.41421;5.38516;9.84886;3.16228;11
083_09.png;7.81025;1;7.28011;8.94427;2;4.12311
083_10.png;;;;;;
083_11.png;;;;;;
083_12.png;;;;;;
084_01.png;2;1.41421;7.07107;10.0499;2.23607;5.09902
084_02.png;3;1.41421;9.21954;10.0499;0;5.09902
084_03.png;2;2.23607;10;6.08276;3;6
084_04.png;2;1.41421;8.48528;10.198;2.82843;5.38516
084_05.png;5.09902;2;8.60233;8.60233;4;7
084_06.png;5;4.47214;9.21954;3;4.12311;5
084_07.png;5.09902;2.23607;6.40312;3.60555;4.47214;4.12311
084_08.png;5.38516;3.60555;7.2111;10.0499;2;4.47214
084_09.png;1.41421;1;7.2111;10;1.41421;5.38516
084_10.png;3;2.23607;3;10;2.82843;4.12311
084_11.png;;;;;;
084_12.png;;;;;;
085_01.png;1;2;17.8045;3.60555;3;5.09902
085_02.png;3.16228;1.41421;3;5;1.41421;1
085_03.png;3.16228;3;2.23607;5;2;0
085_04.png;1;3;2;2;2.23607;1
085_05.png;1;3.16228;2;1;3.60555;0
085_06.png;1;3;9.8995;2.23607;2;1
085_07.png;0;3.60555;3;2.23607;3;1.41421
085_08.png;5.65685;2.23607;3;2;1.41421;2.23607
085_09.png;4.47214;2;6.32456;2.23607;2.23607;1
085_10.png;5.65685;3.16228;7.07107;2.23607;2;1.41421
085_11.png;11.3137;3;11.4018;2;3.16228;1
085_12.png;5.65685;4.12311;2;1;2.23607;1.41421
086_01.png;6.7082;1.41421;9.05539;2.23607;3;1.41421
086_02.png;8.60233;1;5;2;1;9.21954
086_03.png;9.43398;2;4.12311;3.16228;2.23607;7.07107
086_04.png;;;;;;
086_05.png;6.40312;4.47214;2.23607;5.09902;5;9.05539
086_06.png;10.6301;4.47214;8.60233;12.1655;4.47214;16.6433
086_07.png;16.5529;52.4976;24.0416;3;2.23607;10.7703
086_08.png;12.0416;6.7082;12.53;3;5.09902;9.21954
086_09.png;10;5;3;2;3.60555;2.23607
086_10.png;29;28.8617;26.1725;5;4.24264;7.28011
086_11.png;28.0179;27;25.4951;2;4.12311;1
086_12.png;;;;;;
087_01.png;3.16228;2.82843;5.09902;1.41421;2.23607;6
087_02.png;2.82843;2;1.41421;9.43398;2;2.23607
087_03.png;3.16228;1;5.83095;10.2956;2;6.32456
087_04.png;8.544;2.23607;4.47214;9.43398;1;6.32456
087_05.png;3.16228;2.23607;3.60555;6.08276;1;6.08276
087_06.png;6.08276;2.23607;3.16228;5.09902;2;8.06226
087_07.png;3.16228;1;2.23607;5;2.23607;8
087_08.png;3.16228;0;5.09902;9.21954;1;13.3417
087_09.png;6.7082;1.41421;0;9.43398;1.41421;10.0499
087_10.png;2.23607;1;6;10;19.6469;17.6918
087_11.png;;;;;;
087_12.png;;;;;;
088_01.png;1;3;7.2111;6.08276;1;5.83095
088_02.png;6.08276;2;7.2111;6.7082;3.60555;6.32456
088_03.png;5.09902;2.23607;2;0;2.23607;3.16228
088_04.png;5.09902;3.16228;6.40312;1.41421;2.82843;7.28011
088_05.png;6.08276;3;6.40312;1.41421;2.23607;8.544
088_06.png;6.08276;4.12311;2.23607;1;3.16228;6.32456
088_07.png;7.07107;4.12311;2;6.08276;1;6.08276
088_08.png;6;3;5.38516;1.41421;1.41421;6.7082
088_09.png;6.32456;3.16228;2.23607;5.38516;2.23607;4.47214
088_10.png;5;4.12311;7.2111;6.32456;3;2.23607
088_11.png;3.60555;5.09902;2;5.09902;0;6.40312
088_12.png;4.47214;4.12311;1;6.7082;1;1.41421
089_01.png;6.32456;3.16228;2.23607;2.82843;3.16228;8.544
089_02.png;4.47214;1.41421;2;10;1;3.16228
089_03.png;4.47214;1;2.82843;1;2;3.60555
089_04.png;6.08276;2.23607;2.23607;2.23607;1;5.38516
089_05.png;1;0;2.23607;1;2;2
089_06.png;6.08276;1;1.41421;1.41421;2.23607;3
089_07.png;5.38516;2.23607;2.23607;1;1;2.23607
089_08.png;5.09902;1.41421;2.23607;1.41421;1;3
089_09.png;5.09902;1;2.82843;1.41421;1.41421;3
089_10.png;5.09902;3.16228;2.23607;1.41421;1;3
089_11.png;1.41421;2.23607;2.23607;1.41421;2.23607;2
089_12.png;0;3.60555;2;1.41421;2.82843;2.23607
090_01.png;1.41421;5.83095;2;1;2.23607;2
090_02.png;3.60555;2;2;1.41421;1;3.16228
090_03.png;2.82843;2.23607;2.23607;0;1.41421;4.47214
090_04.png;0;3.60555;2.23607;1.41421;3;4.47214
090_05.png;5;3.60555;9.21954;1;2;5.09902
090_06.png;;;;;;
090_07.png;2;2.23607;2;10.0499;0;4
090_08.png;1;5.09902;2;6.32456;1;4.12311
090_09.png;5;2.23607;10.4403;7.61577;2.23607;5
090_10.png;;;;;;
090_11.png;;;;;;
090_12.png;;;;;;
091_01.png;2.23607;1.41421;2.23607;2.23607;1.41421;2
091_02.png;1;2.23607;6.40312;3.60555;2;3
091_03.png;3;2.23607;2.23607;0;2;3
091_04.png;2;1;3.16228;0;2;3
091_05.png;2;1.41421;3.16228;1;2.23607;3.16228
091_06.png;4.12311;3.16228;2;1.41421;2.23607;3.16228
091_07.png;3;2;2.23607;0;2;4.12311
091_08.png;2;2.23607;2.23607;1;2.23607;3.16228
091_09.png;4.12311;3.16228;2.23607;0;2.23607;2
091_10.png;4.12311;3.16228;2.23607;1.41421;3.16228;1.41421
091_11.png;3.16228;2.23607;2.23607;1.41421;2.23607;1.41421
091_12.png;4.12311;2.23607;2;1;2.23607;2.23607
092_01.png;;;;;;
092_02.png;;;;;;
092_03.png;;;;;;
092_04.png;;;;;;
092_05.png;;;;;;
092_06.png;;;;;;
092_07.png;;;;;;
092_08.png;;;;;;
092_09.png;;;;;;
092_10.png;;;;;;
092_11.png;;;;;;
092_12.png;;;;;;
093_01.png;3.16228;1.41421;4.12311;2;2.82843;6
093_02.png;1.41421;2;1;2.23607;2.23607;5.65685
093_03.png;1;1;5.38516;1.41421;2.23607;5.65685
093_04.png;2.23607;2.23607;8.48528;1.41421;1.41421;5
093_05.png;2.23607;1.41421;6.40312;1.41421;2;5
093_06.png;2;1.41421;2;1;2.23607;7.07107
093_07.png;2.23607;2.23607;5.09902;3.60555;2;6
093_08.png;3.16228;3;2;1;1.41421;4
093_09.png;3.60555;2;1;2;2;4.12311
093_10.png;4.24264;2.23607;2;1;2;3.60555
093_11.png;3.60555;3;2;1.41421;2.23607;4.24264
093_12.png;2.82843;3;2;2.23607;2.23607;4.24264
094_01.png;0;3;3.16228;13.6015;2.23607;2.23607
094_02.png;1;2.23607;7.81025;1;3.60555;2.23607
094_03.png;1.41421;6.08276;7.81025;13.0384;1.41421;5.09902
094_04.png;3.16228;2;8.24621;13.6015;1.41421;2.23607
094_05.png;3;3;13.4164;13.6015;1.41421;3.16228
094_06.png;3.60555;2.23607;1;2.23607;1;3.60555
094_07.png;2.82843;3.16228;6.32456;1.41421;1.41421;6.08276
094_08.png;2.82843;2.23607;2;1;1.41421;4.12311
094_09.png;3.16228;2.23607;7.81025;1;1;3.16228
094_10.png;3.16228;1;2;1;2;5.09902
094_11.png;5.38516;2.23607;7.81025;5;2;9.05539
094_12.png;5.38516;1;2;5.09902;2.23607;3.60555
095_01.png;3;5;2.23607;14.7648;4.24264;4
095_02.png;5.09902;3.60555;7.2111;2.23607;2.23607;2
095_03.png;3;3.60555;3.16228;1.41421;3;5.09902
095_04.png;2;5.83095;2;1.41421;3.60555;4.12311
095_05.png;6.08276;4.12311;8.48528;20.2485;2.82843;4
095_06.png;4.12311;5;7.81025;1;3.60555;4.47214
095_07.png;2;5.38516;2.23607;1.41421;4.12311;4.24264
095_08.png;4.47214;6.08276;3.16228;1.41421;4.12311;4.24264
095_09.png;5.38516;1.41421;4;3.60555;2.82843;5
095_10.png;1.41421;5.09902;3;1.41421;2.23607;3.60555
095_11.png;1;4;7.81025;2.82843;2.23607;1
095_12.png;3.60555;6.08276;3.16228;1;1;7.07107
096_01.png;6;3;2.23607;4.12311;1;1
096_02.png;7.28011;1.41421;2.82843;1;2.82843;1
096_03.png;1.41421;2;1;4.12311;2.23607;3
096_04.png;0;1;1.41421;1;3;1
096_05.png;1;1;5.38516;1;1.41421;4.12311
096_06.png;1;3.16228;1.41421;2.23607;2.82843;0
096_07.png;2;2.23607;4.47214;1;2.23607;4.12311
096_08.png;1.41421;1.41421;4.47214;1;3.60555;1
096_09.png;1;1.41421;4.47214;0;2.23607;2
096_10.png;5;2.23607;2;1.41421;3.16228;2
096_11.png;1;1.41421;3.16228;0;3;2
096_12.png;1;2;1;1;1;3
097_01.png;5.83095;2.23607;5.83095;9.48683;4;9.48683
097_02.png;12.0416;1.41421;10;8.06226;2.82843;9.84886
097_03.png;0;0;5;1;2;8
097_04.png;8;3.16228;7.07107;8.94427;2.23607;8.94427
097_05.png;;;;;;
097_06.png;;;;;;
097_07.png;;;;;;
097_08.png;;;;;;
097_09.png;;;;;;
097_10.png;;;;;;
097_11.png;;;;;;
097_12.png;;;;;;
098_01.png;11.1803;3.16228;4.12311;2.23607;1;3.16228
098_02.png;10.7703;3.60555;2.23607;3.60555;4.24264;3.16228
098_03.png;4.24264;3.60555;2.23607;1;1.41421;0
098_04.png;4.24264;3.16228;2.23607;1.41421;2;6.08276
098_05.png;1.41421;3;1;1.41421;1.41421;6.7082
098_06.png;;;;;;
098_07.png;5;3.16228;2.23607;1.41421;0;13.6015
098_08.png;5;3.16228;3.16228;1.41421;1;2.23607
098_09.png;11.4018;3.16228;4.47214;2.82843;1;3.60555
098_10.png;;;;;;
098_11.png;;;;;;
098_12.png;;;;;;
099_01.png;9.84886;1.41421;3;3;1.41421;10.7703
099_02.png;;;;;;
099_03.png;11.4018;2;2;3.16228;4.24264;9.84886
099_04.png;12.1655;2.82843;2;2.23607;2.23607;11.1803
099_05.png;9.05539;2.23607;4;7.28011;3;13
099_06.png;6;3.16228;2.23607;10;4.24264;12.083
099_07.png;;;;;;
099_08.png;;;;;;
099_09.png;11.1803;1;3;2;1.41421;2.23607
099_10.png;;;;;;
099_11.png;9.84886;2.23607;4;1;2.23607;4
099_12.png;;;;;;
100_01.png;3.60555;5.38516;3.16228;1.41421;2;5.83095
100_02.png;2;2.23607;2;4.12311;2.82843;5.38516
100_03.png;2;3.16228;2.82843;1;2;4.12311
100_04.png;2;2.23607;4.47214;1;2.23607;5.38516
100_05.png;2;2;3.16228;1;1;4.47214
100_06.png;2.23607;2.82843;3.16228;1;1.41421;5.38516
100_07.png;3.16228;1;4.12311;0;2;5
100_08.png;3.60555;2;3.60555;0;1;5.38516
100_09.png;3.60555;1;4.47214;1.41421;1;2.82843
100_10.png;5.83095;4.12311;3.60555;0;1;3.60555
100_11.png;3.60555;4.12311;2;5.83095;1.41421;2.23607
100_12.png;1;3.60555;1;0;2;1.41421
101_01.png;3.60555;1.41421;6.08276;0;3.16228;3.16228
101_02.png;5;2.82843;1.41421;2;2.23607;5.83095
101_03.png;4.47214;2.23607;3.16228;1;3.16228;5.38516
101_04.png;5.38516;2.23607;4.47214;1.41421;2;5.38516
101_05.png;;;;;;
101_06.png;7.07107;2.23607;2.23607;1;2.23607;3.16228
101_07.png;1;2.23607;1.41421;1;2.23607;3.16228
101_08.png;;;;;;
101_09.png;4.24264;4.47214;2.23607;1;2.23607;3.16228
101_10.png;5.09902;4.12311;1.41421;1.41421;2;2.23607
101_11.png;1;4.12311;1;1;0;3.16228
101_12.png;1;4;2.23607;0;2;2.23607
102_01.png;2;1.41421;1.41421;3.60555;2.23607;3.16228
102_02.png;3;2.23607;1;0;1;3.60555
102_03.png;2;1.41421;1.41421;1;2.23607;3.16228
102_04.png;2;2;7;1;2;2.23607
102_05.png;4.12311;2;7;1;2;3.60555
102_06.png;3;1;2;1.41421;2;4.12311
102_07.png;4.12311;2.23607;1.41421;0;3;2.23607
102_08.png;4;2.23607;1;1;2.23607;0
102_09.png;4;1.41421;2.23607;1.41421;1;2
102_10.png;2;1;2;1.41421;1.41421;4.47214
102_11.png;4;3.16228;1.41421;0;4.12311;2.23607
102_12.png;3;3.16228;1.41421;0;1;1.41421
103_01.png;3;3.16228;2.23607;1.41421;1.41421;3.60555
103_02.png;3;2;2;0;1.41421;1
103_03.png;1;2.82843;1;1;3.16228;3.60555
103_04.png;2.23607;2;4;2;2.82843;4.24264
103_05.png;3.16228;2.82843;10;1;2;1
103_06.png;2.23607;2.23607;2;2.23607;3.16228;3.60555
103_07.png;3.16228;4.47214;2;1;3.60555;4.47214
103_08.png;3.16228;1;2;14.4222;2;7.61577
103_09.png;;;;;;
103_10.png;;;;;;
103_11.png;;;;;;
103_12.png;;;;;;
104_01.png;;;;;;
